{"cameraMode":{"drawMode":0,"name":"Shaded","section":"Shading Mode"},"sceneLighting":true,"audioPlay":false,"sceneViewState":{"showFog":true,"showMaterialUpdate":false,"showSkybox":true,"showFlares":true,"showImageEffects":true,"showParticleSystems":true},"in2DMode":false,"pivot":{"x":0.620080828666687,"y":-3.9582815170288088,"z":1.0001754760742188},"rotation":{"x":-0.32465267181396487,"y":0.22729253768920899,"z":-0.08069001138210297,"w":-0.9145777821540833},"size":33.23299026489258,"orthographic":false}