{"cameraMode":{"drawMode":0,"name":"Shaded","section":"Shading Mode"},"sceneLighting":false,"audioPlay":false,"sceneViewState":{"showFog":true,"showMaterialUpdate":false,"showSkybox":false,"showFlares":true,"showImageEffects":true,"showParticleSystems":true},"in2DMode":false,"pivot":{"x":-3.3431026935577394,"y":0.0,"z":-3.6610236167907717},"rotation":{"x":-0.2528272271156311,"y":0.0034740082919597627,"z":-0.0009085842175409198,"w":-0.9675096869468689},"size":2.8578836917877199,"orthographic":false}